geo,date,rent_index,airbnb_nights,rent_yoy_pct,airbnb_yoy_pct,period_category
ES,2019-01-01,102.77,5711157.782393382,1.6216750716899098,4.209313922407487,Pre-2020 (Baseline)
ES,2019-02-01,102.91,5996631.5133646205,1.6696305078047757,-0.614589139294075,Pre-2020 (Baseline)
ES,2019-03-01,103.01,6272690.056137789,1.6479179001381405,-2.331258896715682,Pre-2020 (Baseline)
ES,2019-04-01,103.13,6254473.391248478,1.6359515127623903,-1.281731811814113,Pre-2020 (Baseline)
ES,2019-05-01,103.25,5497717.426431115,1.614014368664507,2.5298130228179394,Pre-2020 (Baseline)
ES,2019-06-01,103.39,4769544.559395379,1.651754989676535,6.7396298613234595,Pre-2020 (Baseline)
ES,2019-07-01,103.52,3677030.069835895,1.6396661757486442,-2.4804018144255258,Pre-2020 (Baseline)
ES,2019-08-01,103.63,2957367.190261433,1.6279297832695772,-1.7116533792398858,Pre-2020 (Baseline)
ES,2019-09-01,103.73,2959653.4277967783,1.5865243364998616,11.182716752319145,Pre-2020 (Baseline)
ES,2019-10-01,103.83,3067294.634522153,1.5055235115847054,2.6185036589299493,Pre-2020 (Baseline)
ES,2019-11-01,103.94,3787657.6984116095,1.4246682279469125,6.696059090848849,Pre-2020 (Baseline)
ES,2019-12-01,104.07,4523041.944604241,1.4228632686872578,1.936286054954861,Pre-2020 (Baseline)
ES,2020-01-01,104.19,1859133.499519422,1.38172618468424,-67.44734482295615,2020-2021 (Pandemic Shock)
ES,2020-02-01,104.32,2127652.6644002367,1.3701292391409936,-64.5192028281484,2020-2021 (Pandemic Shock)
ES,2020-03-01,104.38,2128861.7748535145,1.3299679642753137,-66.06142251886914,2020-2021 (Pandemic Shock)
ES,2020-04-01,104.41,2144497.115880963,1.2411519441481556,-65.71258710794687,2020-2021 (Pandemic Shock)
ES,2020-05-01,104.45,1855943.786281604,1.1622276029055634,-66.2415573168808,2020-2021 (Pandemic Shock)
ES,2020-06-01,104.55,1561217.4703222676,1.1219653738272495,-67.26694863879878,2020-2021 (Pandemic Shock)
ES,2020-07-01,104.68,1237255.4900577287,1.1205564142194868,-66.35177122408066,2020-2021 (Pandemic Shock)
ES,2020-08-01,104.74,1086606.2725395686,1.0711184020071318,-63.25764767669882,2020-2021 (Pandemic Shock)
ES,2020-09-01,104.82,944617.3536786794,1.0508049744528902,-68.08351461671408,2020-2021 (Pandemic Shock)
ES,2020-10-01,104.84,996739.6399215924,0.9727439083116574,-67.5042746561296,2020-2021 (Pandemic Shock)
ES,2020-11-01,104.92,1291092.1976775,0.9428516451799096,-65.91317641457061,2020-2021 (Pandemic Shock)
ES,2020-12-01,104.94,1517315.1375388687,0.8359757855289862,-66.45365760207136,2020-2021 (Pandemic Shock)
ES,2021-01-01,105.0,1901842.5658367693,0.777425856608116,2.297256562177341,2020-2021 (Pandemic Shock)
ES,2021-02-01,105.05,1995925.94534588,0.6997699386503076,-6.191175902834168,2020-2021 (Pandemic Shock)
ES,2021-03-01,105.09,2117140.4928653687,0.6802069361946828,-0.5505891517523454,2020-2021 (Pandemic Shock)
ES,2021-04-01,105.12,2133119.898890262,0.6800114931519996,-0.5305307666980563,2020-2021 (Pandemic Shock)
ES,2021-05-01,105.13,1931871.05508574,0.6510292005744267,4.091032786949689,2020-2021 (Pandemic Shock)
ES,2021-06-01,105.19,1583097.151286226,0.612147297943566,1.4014499184051399,2020-2021 (Pandemic Shock)
ES,2021-07-01,105.25,1255628.4949257246,0.544516622086344,1.4849806701717316,2020-2021 (Pandemic Shock)
ES,2021-08-01,105.27,1020105.2751957749,0.5060148940232878,-6.120063819286681,2020-2021 (Pandemic Shock)
ES,2021-09-01,105.33,903083.9015730832,0.48654836863195605,-4.396854656951832,2020-2021 (Pandemic Shock)
ES,2021-10-01,105.37,1007173.6804855312,0.5055322396032125,1.0468170569357005,2020-2021 (Pandemic Shock)
ES,2021-11-01,105.44,1242587.8544577195,0.49561570720548787,-3.7568458168234065,2020-2021 (Pandemic Shock)
ES,2021-12-01,105.51,1624949.0251888433,0.5431675242996148,7.0937068369699485,2020-2021 (Pandemic Shock)
ES,2022-01-01,105.65,6631396.318930734,0.6190476190476302,248.6827163326773,Post-2021 (Recovery)
ES,2022-02-01,105.81,6975044.142073475,0.723465016658742,249.46407497422197,Post-2021 (Recovery)
ES,2022-03-01,106.04,7732141.406071272,0.903987058711575,265.21626373535935,Post-2021 (Recovery)
ES,2022-04-01,106.22,7279485.945939133,1.0464231354642362,241.26004589457094,Post-2021 (Recovery)
ES,2022-05-01,106.39,6430439.67661423,1.1985161228954766,232.86070825927015,Post-2021 (Recovery)
ES,2022-06-01,106.55,5570150.132528489,1.2928985645023205,251.8514405766497,Post-2021 (Recovery)
ES,2022-07-01,106.72,4511166.627240812,1.3966745843230433,259.27558553118575,Post-2021 (Recovery)
ES,2022-08-01,106.84,3674870.953814777,1.4914030588011773,260.24428489593976,Post-2021 (Recovery)
ES,2022-09-01,106.96,3199240.8692884827,1.5475173264976716,254.25732467556114,Post-2021 (Recovery)
ES,2022-10-01,107.15,3541828.4537291643,1.6892853753440296,251.66014783286874,Post-2021 (Recovery)
ES,2022-11-01,107.32,4419308.999296888,1.7830045523520521,255.65364520849337,Post-2021 (Recovery)
ES,2022-12-01,107.53,5629858.586888527,1.9145104729409557,246.4637043758498,Post-2021 (Recovery)
ES,2023-01-01,107.76,6792847.515812119,1.9971604353999028,2.4346485885708313,Post-2021 (Recovery)
ES,2023-02-01,107.95,7689723.21760031,2.0224931480956387,10.246230145209978,Post-2021 (Recovery)
ES,2023-03-01,108.2,7773706.802117441,2.0369671821953927,0.5375664238826738,Post-2021 (Recovery)
ES,2023-04-01,108.37,7455292.5416132575,2.0241009226134477,2.4150962991033476,Post-2021 (Recovery)
ES,2023-05-01,108.59,7059916.337140653,2.067863521007607,9.7890143160142,Post-2021 (Recovery)
ES,2023-06-01,108.75,5976944.490526573,2.064758329422811,7.303112991919036,Post-2021 (Recovery)
ES,2023-07-01,108.92,4584687.864427473,2.0614692653673217,1.6297610631959447,Post-2021 (Recovery)
ES,2023-08-01,108.99,3866751.047985032,2.012354923249715,5.221410400032411,Post-2021 (Recovery)
ES,2023-09-01,109.15,3483345.7194294315,2.04749439042633,8.880383245545808,Post-2021 (Recovery)
ES,2023-10-01,109.32,3681092.597709525,2.025198320111987,3.931984448138093,Post-2021 (Recovery)
ES,2023-11-01,109.53,4644427.820192522,2.0592620201267398,5.09398236084988,Post-2021 (Recovery)
ES,2023-12-01,109.67,6008267.672401228,1.9901422858737083,6.721466972438428,Post-2021 (Recovery)
ES,2024-01-01,109.85,7228738.787724202,1.9394951744617472,6.416915305362481,Post-2021 (Recovery)
ES,2024-02-01,110.1,8500553.313752145,1.9916628068550102,10.544333953346975,Post-2021 (Recovery)
ES,2024-03-01,110.37,7779078.536158565,2.0055452865064716,0.06910132035931049,Post-2021 (Recovery)
ES,2024-04-01,110.67,8319634.208954568,2.1223585863246353,11.593665339311743,Post-2021 (Recovery)
ES,2024-05-01,110.95,7255413.985636379,2.173312459710841,2.7691213204221077,Post-2021 (Recovery)
ES,2024-06-01,111.16,5976336.092484493,2.2160919540229918,-0.010179081352423847,Post-2021 (Recovery)
ES,2024-07-01,111.32,4837624.873644485,2.203452074917367,5.516995195671792,Post-2021 (Recovery)
ES,2024-08-01,111.49,3706412.22555985,2.2937884209560444,-4.1466031931053475,Post-2021 (Recovery)
ES,2024-09-01,111.68,3594413.341207529,2.3179111314704626,3.18853282803897,Post-2021 (Recovery)
ES,2024-10-01,111.93,3983654.024773344,2.38748627881451,8.219337575264497,Post-2021 (Recovery)
ES,2024-11-01,112.19,5038240.3978496855,2.4285583858303594,8.479248529711004,Post-2021 (Recovery)
ES,2024-12-01,112.34,5936668.608688973,2.4345764566426675,-1.1916756645370952,Post-2021 (Recovery)
IT,2019-01-01,101.0,4830534.716597555,0.2979145978152964,8.566027022940691,Pre-2020 (Baseline)
IT,2019-02-01,101.0,5414249.59474018,0.2979145978152964,7.439581104738924,Pre-2020 (Baseline)
IT,2019-03-01,101.1,5586856.913064144,0.29761904761904656,2.209230993421407,Pre-2020 (Baseline)
IT,2019-04-01,101.0,5334369.239573604,0.1984126984126977,3.2428148316593797,Pre-2020 (Baseline)
IT,2019-05-01,101.0,4584696.146611879,0.1984126984126977,2.1652750707226387,Pre-2020 (Baseline)
IT,2019-06-01,101.0,3939648.7548649865,0.1984126984126977,2.1027861839385764,Pre-2020 (Baseline)
IT,2019-07-01,101.1,3159181.6578973965,0.1982160555004775,3.618677853559471,Pre-2020 (Baseline)
IT,2019-08-01,101.2,2545057.5311438725,0.29732408325073845,-0.42087793067164814,Pre-2020 (Baseline)
IT,2019-09-01,101.2,2382416.460188147,0.1980198019801982,6.740065811562457,Pre-2020 (Baseline)
IT,2019-10-01,101.3,2639434.254609239,0.2970297029702973,7.327777699887217,Pre-2020 (Baseline)
IT,2019-11-01,101.3,3372621.16189992,0.1978239366963397,12.26205155993294,Pre-2020 (Baseline)
IT,2019-12-01,101.4,4010896.964195971,0.29673590504453173,10.396947601718498,Pre-2020 (Baseline)
IT,2020-01-01,101.4,1608331.512707806,0.3960396039603964,-66.70489693032052,2020-2021 (Pandemic Shock)
IT,2020-02-01,101.4,1786726.1487882377,0.3960396039603964,-66.99956074200935,2020-2021 (Pandemic Shock)
IT,2020-03-01,101.4,1754817.439913395,0.29673590504453173,-68.59025625284978,2020-2021 (Pandemic Shock)
IT,2020-04-01,101.4,1789301.1426154166,0.3960396039603964,-66.45711869097308,2020-2021 (Pandemic Shock)
IT,2020-05-01,101.4,1598883.8224519766,0.3960396039603964,-65.1256316379099,2020-2021 (Pandemic Shock)
IT,2020-06-01,101.4,1428283.3602881627,0.3960396039603964,-63.745921295028985,2020-2021 (Pandemic Shock)
IT,2020-07-01,101.4,1057859.8380041863,0.29673590504453173,-66.51475120591044,2020-2021 (Pandemic Shock)
IT,2020-08-01,101.4,877138.3075096726,0.19762845849802257,-65.53561965589658,2020-2021 (Pandemic Shock)
IT,2020-09-01,101.4,797169.0002332565,0.19762845849802257,-66.53947730992836,2020-2021 (Pandemic Shock)
IT,2020-10-01,101.4,838797.4252016576,0.09871668311944859,-68.22056000308145,2020-2021 (Pandemic Shock)
IT,2020-11-01,101.4,1100478.904239319,0.09871668311944859,-67.3702188472488,2020-2021 (Pandemic Shock)
IT,2020-12-01,101.4,1360002.1280042022,0.0,-66.09231949500278,2020-2021 (Pandemic Shock)
IT,2021-01-01,101.4,1633874.6096244212,0.0,1.5881736268171798,2020-2021 (Pandemic Shock)
IT,2021-02-01,101.2,1741871.6152687587,-0.19723865877712132,-2.510431357927989,2020-2021 (Pandemic Shock)
IT,2021-03-01,101.2,1940360.09020889,-0.19723865877712132,10.573330653965463,2020-2021 (Pandemic Shock)
IT,2021-04-01,101.3,1715415.6008300122,-0.09861932938857176,-4.129296071280997,2020-2021 (Pandemic Shock)
IT,2021-05-01,101.3,1624098.717651157,-0.09861932938857176,1.577031104143134,2020-2021 (Pandemic Shock)
IT,2021-06-01,101.3,1417399.1794698182,-0.09861932938857176,-0.7620463222471896,2020-2021 (Pandemic Shock)
IT,2021-07-01,101.4,1032382.0805018283,0.0,-2.4084246879459537,2020-2021 (Pandemic Shock)
IT,2021-08-01,101.4,854506.4401657936,0.0,-2.5801936992279173,2020-2021 (Pandemic Shock)
IT,2021-09-01,101.5,800385.6536801981,0.09861932938854956,0.4035096003482952,2020-2021 (Pandemic Shock)
IT,2021-10-01,101.5,856144.7289856019,0.09861932938854956,2.068116003071152,2020-2021 (Pandemic Shock)
IT,2021-11-01,101.6,1014502.8232803688,0.19723865877709912,-7.812606005235445,2020-2021 (Pandemic Shock)
IT,2021-12-01,101.6,1332735.66269476,0.19723865877709912,-2.004884018046038,2020-2021 (Pandemic Shock)
IT,2022-01-01,101.8,5366067.305290463,0.39447731755424265,228.42589472174743,Post-2021 (Recovery)
IT,2022-02-01,101.9,6307323.527161703,0.6916996047430901,262.1003678958582,Post-2021 (Recovery)
IT,2022-03-01,102.0,6288129.731863221,0.7905138339920903,224.07024673375298,Post-2021 (Recovery)
IT,2022-04-01,102.1,6508135.547328562,0.7897334649555665,279.3911833481967,Post-2021 (Recovery)
IT,2022-05-01,102.3,5412468.15956745,0.9871668311944637,233.25980131276748,Post-2021 (Recovery)
IT,2022-06-01,102.4,4574296.422415099,1.0858835143139345,222.72464163032225,Post-2021 (Recovery)
IT,2022-07-01,102.5,3785320.775912225,1.0848126232741562,266.6588995880504,Post-2021 (Recovery)
IT,2022-08-01,102.5,2907406.617608892,1.0848126232741562,240.24396785643756,Post-2021 (Recovery)
IT,2022-09-01,102.9,2790265.4116940964,1.379310344827589,248.61512058148082,Post-2021 (Recovery)
IT,2022-10-01,103.1,3137264.905114893,1.5763546798029493,266.4409531355829,Post-2021 (Recovery)
IT,2022-11-01,103.5,3516942.7802438,1.870078740157477,246.66663310722546,Post-2021 (Recovery)
IT,2022-12-01,103.7,4644508.04142687,2.0669291338582862,248.4943167226264,Post-2021 (Recovery)
IT,2023-01-01,103.4,5865218.2440395625,1.5717092337917515,9.301988036135533,Post-2021 (Recovery)
IT,2023-02-01,104.1,6683071.25323878,2.158979391560334,5.957324441325484,Post-2021 (Recovery)
IT,2023-03-01,104.2,6537857.809692013,2.1568627450980316,3.971420573010276,Post-2021 (Recovery)
IT,2023-04-01,104.3,6271240.115574303,2.1547502448579836,-3.639989210911543,Post-2021 (Recovery)
IT,2023-05-01,104.8,5910972.478495817,2.4437927663734094,9.210295640209477,Post-2021 (Recovery)
IT,2023-06-01,104.9,4893080.048658358,2.44140625,6.969019862402148,Post-2021 (Recovery)
IT,2023-07-01,105.1,3909052.535866829,2.536585365853661,3.2687258829414922,Post-2021 (Recovery)
IT,2023-08-01,105.7,3202771.122370188,3.121951219512198,10.159036681432942,Post-2021 (Recovery)
IT,2023-09-01,105.7,2850557.396329075,2.7210884353741527,2.1607974776267858,Post-2021 (Recovery)
IT,2023-10-01,105.9,3191911.821338863,2.715809893307486,1.7418649006934572,Post-2021 (Recovery)
IT,2023-11-01,106.0,3914008.671066242,2.4154589371980784,11.290086749575057,Post-2021 (Recovery)
IT,2023-12-01,106.8,4745934.593487104,2.989392478302788,2.1837953805991184,Post-2021 (Recovery)
IT,2024-01-01,106.9,6452879.38955433,3.3849129593810368,10.019425042059925,Post-2021 (Recovery)
IT,2024-02-01,107.3,6953873.655692992,3.073967339097017,4.052065168734709,Post-2021 (Recovery)
IT,2024-03-01,107.5,6874513.6926522935,3.166986564299412,5.149330143907482,Post-2021 (Recovery)
IT,2024-04-01,107.6,6991457.893518334,3.163950143815919,11.484455461295573,Post-2021 (Recovery)
IT,2024-05-01,107.9,5932152.52253564,2.9580152671755844,0.3583174192888894,Post-2021 (Recovery)
IT,2024-06-01,108.2,5212607.060050731,3.1458531935176337,6.530181566924997,Post-2021 (Recovery)
IT,2024-07-01,108.5,4215490.501782381,3.2350142721217834,7.839187708629747,Post-2021 (Recovery)
IT,2024-08-01,108.7,3246372.2673665183,2.838221381267747,1.3613568791035924,Post-2021 (Recovery)
IT,2024-09-01,109.1,3143723.5653590444,3.2166508987701015,10.284520824155518,Post-2021 (Recovery)
IT,2024-10-01,109.3,3369532.967811228,3.2105760151085905,5.564725982870677,Post-2021 (Recovery)
IT,2024-11-01,109.8,4174360.245890698,3.5849056603773466,6.651788401724001,Post-2021 (Recovery)
IT,2024-12-01,110.4,5382138.211198383,3.370786516853941,13.405233577899445,Post-2021 (Recovery)
PT,2019-01-01,106.34,2438935.4289164827,2.8930817610062887,7.76417357121717,Pre-2020 (Baseline)
PT,2019-02-01,106.62,2617016.2464279467,2.915057915057928,4.666685683378735,Pre-2020 (Baseline)
PT,2019-03-01,106.98,2703269.91758746,3.0238828967642517,4.412994590980168,Pre-2020 (Baseline)
PT,2019-04-01,107.24,2724967.177107614,3.0856483706622972,9.192191493772107,Pre-2020 (Baseline)
PT,2019-05-01,107.51,2377950.902757897,3.0776605944391244,4.537893735389997,Pre-2020 (Baseline)
PT,2019-06-01,107.81,2037732.929571412,3.16746411483253,6.16257439915342,Pre-2020 (Baseline)
PT,2019-07-01,108.1,1618658.6174645813,3.1980906921240893,5.614025642145082,Pre-2020 (Baseline)
PT,2019-08-01,108.39,1301062.8535799754,3.248237759573258,2.2336110096611517,Pre-2020 (Baseline)
PT,2019-09-01,108.71,1166591.6375841636,3.2579787234042534,2.2926998293921086,Pre-2020 (Baseline)
PT,2019-10-01,109.05,1244654.915918131,3.3551322149559137,-3.9597040462326927,Pre-2020 (Baseline)
PT,2019-11-01,109.35,1574620.8640950308,3.3847026567079608,4.422562240221595,Pre-2020 (Baseline)
PT,2019-12-01,109.54,2046255.46784026,3.3591243630873846,-0.42793003504618676,Pre-2020 (Baseline)
PT,2020-01-01,109.9,803125.4042344771,3.3477524920067836,-67.07065735679308,2020-2021 (Pandemic Shock)
PT,2020-02-01,110.16,861901.1141691814,3.320202588632526,-67.06550387886895,2020-2021 (Pandemic Shock)
PT,2020-03-01,110.48,935836.9432590236,3.2716395587960356,-65.38129850924344,2020-2021 (Pandemic Shock)
PT,2020-04-01,110.6,905712.7223543824,3.1331592689294974,-66.76243552717794,2020-2021 (Pandemic Shock)
PT,2020-05-01,110.39,776840.4529773449,2.678820574830243,-67.33151840618821,2020-2021 (Pandemic Shock)
PT,2020-06-01,110.36,668066.8158636133,2.365272238196825,-67.21519262074618,2020-2021 (Pandemic Shock)
PT,2020-07-01,110.6,532929.0111463983,2.3126734505087843,-67.07588583557154,2020-2021 (Pandemic Shock)
PT,2020-08-01,110.89,419733.91883488366,2.3064858381769637,-67.73915128850592,2020-2021 (Pandemic Shock)
PT,2020-09-01,111.16,403282.71470336895,2.253702511268507,-65.43068699356469,2020-2021 (Pandemic Shock)
PT,2020-10-01,111.39,441949.3778002303,2.145804676753782,-64.49221610359186,2020-2021 (Pandemic Shock)
PT,2020-11-01,111.55,549285.4978410773,2.0118884316415286,-65.11633305730624,2020-2021 (Pandemic Shock)
PT,2020-12-01,111.65,686023.3509380963,1.9262369910534982,-66.47420804880409,2020-2021 (Pandemic Shock)
PT,2021-01-01,111.88,765018.5953311073,1.801637852593263,-4.744814284600107,2020-2021 (Pandemic Shock)
PT,2021-02-01,111.97,870171.9489955581,1.6430646332607157,0.9596036819547793,2020-2021 (Pandemic Shock)
PT,2021-03-01,112.13,945384.935013138,1.4934829833453955,1.020262324851573,2020-2021 (Pandemic Shock)
PT,2021-04-01,112.23,909163.5015784276,1.4737793851717917,0.3810015183484339,2020-2021 (Pandemic Shock)
PT,2021-05-01,112.39,810330.2416101668,1.8117583114412472,4.311025321154149,2020-2021 (Pandemic Shock)
PT,2021-06-01,112.55,741861.9932385617,1.9844146429865983,11.046077371700157,2020-2021 (Pandemic Shock)
PT,2021-07-01,112.75,541111.412550663,1.943942133815546,1.535364229217584,2020-2021 (Pandemic Shock)
PT,2021-08-01,112.97,449444.0161522944,1.875732708089095,7.078316996606171,2020-2021 (Pandemic Shock)
PT,2021-09-01,113.25,410419.4011090136,1.8801727240014499,1.7696484737497187,2020-2021 (Pandemic Shock)
PT,2021-10-01,113.48,443130.80951284856,1.8762905108178574,0.2673228591244525,2020-2021 (Pandemic Shock)
PT,2021-11-01,113.68,526968.30285554,1.9094576423128728,-4.062949972874453,2020-2021 (Pandemic Shock)
PT,2021-12-01,113.83,680141.4359488406,1.9525302283922796,-0.8573928250711238,2020-2021 (Pandemic Shock)
PT,2022-01-01,114.18,2707101.076715525,2.0557740436181637,253.8608202776909,Post-2021 (Recovery)
PT,2022-02-01,114.39,3087391.433630183,2.1612932035366628,254.80245452567937,Post-2021 (Recovery)
PT,2022-03-01,114.63,3186167.623412506,2.229554980825821,237.02331245295633,Post-2021 (Recovery)
PT,2022-04-01,114.96,3117120.523308617,2.432504677893599,242.85587992664523,Post-2021 (Recovery)
PT,2022-05-01,115.29,2963796.4156814865,2.5803007384998633,265.7516730206532,Post-2021 (Recovery)
PT,2022-06-01,115.53,2180090.5418158453,2.647712127943147,193.8673987460617,Post-2021 (Recovery)
PT,2022-07-01,115.84,1885606.9019040049,2.740576496674052,248.4692538669123,Post-2021 (Recovery)
PT,2022-08-01,116.19,1436411.839156791,2.8503142427193096,219.59749991866886,Post-2021 (Recovery)
PT,2022-09-01,116.56,1366058.7692705106,2.9227373068432705,232.84458911523652,Post-2021 (Recovery)
PT,2022-10-01,116.97,1558752.0081319064,3.075431794148753,251.75888804606137,Post-2021 (Recovery)
PT,2022-11-01,117.3,1851132.3540822056,3.184377199155519,251.27963941118944,Post-2021 (Recovery)
PT,2022-12-01,117.59,2234791.560731758,3.303171395941318,228.57747559727505,Post-2021 (Recovery)
PT,2023-01-01,118.24,2847477.6232970017,3.555789104922047,5.185493359996496,Post-2021 (Recovery)
PT,2023-02-01,118.78,3331522.8074530205,3.8377480548999143,7.907367079003191,Post-2021 (Recovery)
PT,2023-03-01,119.43,3320523.109669121,4.187385501177721,4.21683671848736,Post-2021 (Recovery)
PT,2023-04-01,119.96,3286158.9230916253,4.349338900487121,5.422902275321229,Post-2021 (Recovery)
PT,2023-05-01,120.42,2913900.27743423,4.449648711943799,-1.6835211077000922,Post-2021 (Recovery)
PT,2023-06-01,120.89,2377532.31469323,4.639487578983803,9.05658591192875,Post-2021 (Recovery)
PT,2023-07-01,121.31,2064722.174837997,4.722030386740328,9.499078135168526,Post-2021 (Recovery)
PT,2023-08-01,121.78,1615054.0467816622,4.811085291333161,12.4366983587199,Post-2021 (Recovery)
PT,2023-09-01,122.26,1366565.877898365,4.890185312285511,0.03712202134065201,Post-2021 (Recovery)
PT,2023-10-01,122.77,1593778.2697729254,4.9585363768487545,2.247070827064812,Post-2021 (Recovery)
PT,2023-11-01,123.23,1901433.035633705,5.055413469735726,2.717292550182804,Post-2021 (Recovery)
PT,2023-12-01,123.56,2486947.8308122666,5.076962326728451,11.283212023493716,Post-2021 (Recovery)
PT,2024-01-01,125.26,2982773.595296187,5.937077131258461,4.751432316526172,Post-2021 (Recovery)
PT,2024-02-01,126.55,3416404.736028844,6.541505303923212,2.5478417372960083,Post-2021 (Recovery)
PT,2024-03-01,127.72,3618657.557902898,6.941304529850112,8.978538573203455,Post-2021 (Recovery)
PT,2024-04-01,128.48,3517244.524010593,7.102367455818603,7.032088414688165,Post-2021 (Recovery)
PT,2024-05-01,129.01,2945395.8410183555,7.1333665504069055,1.0808730768184782,Post-2021 (Recovery)
PT,2024-06-01,129.48,2520630.689255256,7.105633220282903,6.018777270772446,Post-2021 (Recovery)
PT,2024-07-01,129.97,2007922.2441193936,7.138735471107083,-2.7509720877124777,Post-2021 (Recovery)
PT,2024-08-01,130.5,1631541.1954756298,7.1604532764000695,1.020841917137183,Post-2021 (Recovery)
PT,2024-09-01,131.05,1608622.0418769282,7.189595943072136,17.712732909065476,Post-2021 (Recovery)
PT,2024-10-01,131.56,1684377.1099594764,7.159729575629226,5.68453227809782,Post-2021 (Recovery)
PT,2024-11-01,132.04,1959894.821621449,7.149233141280531,3.074617138344804,Post-2021 (Recovery)
PT,2024-12-01,132.42,2616293.01644229,7.1706053739073905,5.200960954125766,Post-2021 (Recovery)
